ID,Short citation,Year,Full citation,N. of catchments,Approach,Model,Tracers,Other tracers,Flow type,Main landscape element
1,Ali et al.,2011,"Ali, G.A., L’Heureux, C., Roy, A.G., Turmel, M., Courchesne, F., 2011. Linking spatial patterns of perched groundwater storage and stormflow generation processes in a headwater forested catchment. Hydrological Processes 25, 3843–3857. https://doi.org/10.1002/hyp.8238",1,E,,,,SS,C
2,Ali and Roy,2010,"Ali, G.A., Roy, A.G., 2010. Shopping for hydrologically representative connectivity metrics in a humid temperate forested catchment. Water Resources Research 46, 2010WR009442. https://doi.org/10.1029/2010WR009442",1,M,Topographic models,,,SS,C
3,"Ali et al., a",2010,"Ali, G.A., Roy, A.G., Turmel, M., Courchesne, F., 2010a. Multivariate analysis as a tool to infer hydrologic response types and controlling variables in a humid temperate catchment. Hydrological Processes 24, 2912–2923. https://doi.org/10.1002/hyp.7705",1,M,Statistical model,,,S,C
4,"Ali et al., b",2010,"Ali, G.A., Roy, A.G., Turmel, M.-C., Courchesne, F., 2010b. Source-to-stream connectivity assessment through end-member mixing analysis. Journal of Hydrology 392, 119–135. https://doi.org/10.1016/j.jhydrol.2010.07.049",1,E,,Ions,,SS,C
5,Ali et al.,2014,"Ali, M., Ye, S., Li, H., Huang, M., Leung, L.R., Fiori, A., Sivapalan, M., 2014. Regionalization of subsurface stormflow parameters of hydrologic models: Up-scaling from physically based numerical simulations at hillslope scale. Journal of Hydrology 519, 683–698. https://doi.org/10.1016/j.jhydrol.2014.07.018",2,M,Darcian subsurface flow model,,,SS,H
6,Amatya et al.,1997,"Amatya, D.M., Skaggs, R.W., Gregory, J.D., 1997. Evaluation of a watershed scale forest hydrologic model. Agricultural Water Management 32, 239–258. https://doi.org/10.1016/S0378-3774(96)01274-7",1,M,DRAINWAT,,,S,C
7,Amatya et al.,2022,"Amatya, D.M., Walega, A., Callahan, T.J., Morrison, A., Vulava, V., Hitchcock, D.R., Williams, T.M., Epps, T., 2022. Storm event analysis of four forested catchments on the Atlantic coastal plain using a modified SCS-CN rainfall-runoff model. Journal of Hydrology 608, 127772. https://doi.org/10.1016/j.jhydrol.2022.127772",4,M,SCS-CN (modified),,,S,C
8,Amatya et al.,2024,"Amatya, D.M., Callahan, T.J., Mukherjee, S., Harrison, C.A., Trettin, C.C., Wa??ga, A., M?y?ski, D., Emmett, K.D., 2024. Hydrometeorological Trends in a Low-Gradient Forested Watershed on the Southeastern Atlantic Coastal Plain in the USA. Hydrology 11, 31. https://doi.org/10.3390/hydrology11030031",1,E,,,,S+SS,C
9,Andersson and Lepistö,1998,"Anderson, L., Lepistö, A., 1998. Links between runoff generation, climate and nitrate-N leaching from forested catchments. Water, Air, and Soil Pollution, 105: 227-237. https://link.springer.com/article/10.1023/A:1005093223246",1,E+M,TOPMODEL,Iso,,S,C
10,"Antonelli et al, a",2020,"Antonelli, M., Glaser, B., Teuling, A.J., Klaus, J., Pfister, L., 2020a. Saturated areas through the lens: 1. Spatio-temporal variability of surface saturation documented through thermal infrared imagery. Hydrological Processes, 34: 1310–1332. https://doi.org/10.1002/hyp.13698",1,E,,,,S,C
11,"Antonelli et al, b",2020,"Antonelli, M., Glaser, B., Teuling, A.J., Klaus, J., Pfister, L., 2020b. Saturated areas through the lens: 2. Spatio-temporal variability of streamflow generation and its relationship with surface saturation. Hydrological Processes. 34: 1333–1349. https://doi.org/10.1002/hyp.13607",1,E,,,,S,C
12,Aulenbach et al.,2021,"Aulenbach, B.T., Hooper, R.P., van Meerveld, H.J. (Ilja), Burns, D.A., Freer, J.E., Shanley, J.B., Huntington, T.G., McDonnell, J.J., Peters, N.E., 2021. The evolving perceptual model of streamflow generation at the Panola Mountain Research Watershed. Hydrological Processes 35, e14127. https://doi.org/10.1002/hyp.14127",1,E+M,TOPMODEL; HYDRUS 3D; Hydrogeosphere; CATHY,Iso+Ions,,SS,H
13,Axworthy and Karney,1999,"Axworthy, D.H., Karney, B.W., 1999. Modeling Surface and Subsurface Runoff in a Forested Watershed. Journal of Hydrological Engineering 4, 165–173. https://doi.org/10.1061/(ASCE)1084-0699(1999)4:2(165)",2,M,RK 4 FD,,,S+SS,C
14,Bachmair et al.,2012,"Bachmair, S., Weiler, M., Troch, P.A., 2012. Intercomparing hillslope hydrological dynamics: Spatio?temporal variability and vegetation cover effects. Water Resources Research 48, 2011WR011196. https://doi.org/10.1029/2011WR011196",1,E,,,,SS,H
15,Badoux et al.,2006,"Badoux, A., Witzig, J., Germann, P.F., Kienholz, H., Lüscher, P., Weingartner, R., Hegg, C., 2006. Investigations on the runoff generation at the profile and plot scales, Swiss Emmental. Hydrological Processes 20, 377–394. https://doi.org/10.1002/hyp.6056",2,E,,,,S,H
16,Balazovicova and Skodova,2022,"Balážovi?ová, L., Škodová, M., 2022. Vegetation and land use analysis for runoff estimation in small forested catchment: a case study of Tajovský Brook in Slovakia. Carpathian Journal of Earth Environmental Sciences 17, 81–92. https://doi.org/10.26471/cjees/2022/017/202",1,M,SCS-CN,,,S,C
17,Bartlett et al.,2016,"Bartlett, M.S., Parolari, A.J., McDonnell, J.J., Porporato, A., 2016. Beyond the SCS?CN method: A theoretical framework for spatially lumped rainfall?runoff response. Water Resources Research 52, 4608–4627. https://doi.org/10.1002/2015WR018439",4,M,SCS-CNx,,,S,C
18,Bates et al.,2015,"Bates, N.S., Smith, J.A., Villarini, G., 2015. Flood response for the watersheds of the Fernow Experimental Forest in the central Appalachians. Water Resources Research 51, 4431–4453. https://doi.org/10.1002/2014WR015871",7,E,,,,S,C
19,Bazemore et al.,1994,"Bazemore, D.E., Eshleman, K.N., Hollenbeck, K.J., 1994. The role of soil water in stormflow generation in a forested headwater catchment: synthesis of natural tracer and hydrometric evidence. Journal of Hydrology 162, 47–75. https://doi.org/10.1016/0022-1694(94)90004-3",1,E,,Iso+Ions,,S+SS,H+C
20,"Birch et al., a",2021,"Birch, A.L., Stallard, R.F., Barnard, H.R., 2021a. Precipitation Characteristics and Land Cover Control Wet Season Runoff Source and Rainfall Partitioning in Three Humid Tropical Catchments in Central Panama. Water Resources Research 57, e2020WR028058. https://doi.org/10.1029/2020WR028058",2,E,,Iso+EC,,S,C
21,"Birch et al., b",2021,"Birch, A.L., Stallard, R.F., Bush, S.A., Barnard, H.R., 2021b. The influence of land cover and storm magnitude on hydrologic flowpath activation and runoff generation in steep tropical catchments of central Panama. Journal of Hydrology 596, 126138. https://doi.org/10.1016/j.jhydrol.2021.126138",2,E,,Ions,,S+SS,H+C
22,Biron et al.,1999,"Biron, P.M., Roy, A.G., Courschesne, F., Hendershot, W.H., Côté, B., Fyles, J., 1999. The effects of antecedent moisture conditions on the relationship of hydrology to hydrochemistry in a small forested watershed. Hydrological Processes 13, 1541–1555. https://doi.org/10.1002/(SICI)1099-1085(19990815)13:11<1541::AID-HYP832>3.0.CO;2-J",1,E,,,,S,C
23,"Blume et al., a",2008,"Blume, T., Zehe, E., Bronstert, A., 2008a. Investigation of runoff generation in a pristine, poorly gauged catchment in the Chilean Andes II: Qualitative and quantitative use of tracers at three spatial scales. Hydrological Processes 22, 3676–3688. https://doi.org/10.1002/hyp.6970",1,E,,Ions+EC,,S+SS,C
24,"Blume et al., b",2008,"Blume, T., Zehe, E., Reusser, D.E., Iroumé, A., Bronstert, A., 2008b. Investigation of runoff generation in a pristine, poorly gauged catchment in the Chilean Andes I: A multi?method experimental study. Hydrological Processes 22, 3661–3675. https://doi.org/10.1002/hyp.6971",1,E,,Ions+EC,,S+SS,C
25,Boggs et al.,2013,"Boggs, J., Sun, G., Jones, D., McNulty, S.G., 2013. Effect of Soils on Water Quantity and Quality in Piedmont Forested Headwater Watersheds of North Carolina. Journal of American Water Resources Association 49, 132–150. https://doi.org/10.1111/jawr.12001",6,E,,,,S,H+C
26,Bombino et al.,2021,"Bombino, G., Pérez-Cutillas, P., D’Agostino, D., Denisi, P., Labate, A., Martínez-Salvador, A., Zema, D.A., Zimbone, S.M., Conesa-García, C., 2021. Comparing the Hydrological Response of Forested Headwaters (Unregulated and Regulated with Check Dams) under Mediterranean Semi-Arid Conditions. Water 13, 1275. https://doi.org/10.3390/w13091275",3,M,HEC-HMS + MUSLE,,,S,C
27,Boulet et al.,2021,"Boulet, A.-K., Prats, S.A., Malvar, M.C., González-Pelayo, O., Coelho, C.O.A., Ferreira, A.J.D., Keizer, J.J., 2015. Surface and subsurface flow in eucalyptus plantations in north-central Portugal. Journal of Hydrology and Hydromechanics 63, 193–200. https://doi.org/10.1515/johh-2015-0015",2,E,,,,S,C
28,Boulet et al.,2015,"Boulet, A.-K., Rial-Rivas, M.E., Ferreira, C., Coelho, C.O.A., Kalantari, Z., Keizer, J.J., Ferreira, A.J.D., 2021. Hydrological Processes in Eucalypt and Pine Forested Headwater Catchments within Mediterranean Region. Water 13, 1418. https://doi.org/10.3390/w13101418",1,E,,,,S+SS,H
29,Brown and Schoups,2015,"Brown, K.J., Schoups, G., 2015. Multi-millennial streamflow dynamics in two forested watersheds on Vancouver Island, Canada. Quaternary Research 83, 415–426. https://doi.org/10.1016/j.yqres.2015.03.003",2,M,Water balance model,,,S,C
30,Burns and McDonnell,1998,"Burns, D.A., McDonnell, J.J., 1998. Effects of a beaver pond on runoff processes: comparison of two headwater catchments. Journal of Hydrology 205, 248–264. https://doi.org/10.1016/S0022-1694(98)00081-X",2,E,,Iso+Ions,,S,C
31,Burns et al.,2001,"Burns, D.A., McDonnell, J.J., Hooper, R.P., Peters, N.E., Freer, J.E., Kendall, C., Beven, K., 2001. Quantifying contributions to storm runoff through end?member mixing analysis and hydrologic measurements at the Panola Mountain Research Watershed (Georgia, USA). Hydrological Processes 15, 1903–1924. https://doi.org/10.1002/hyp.246",1,E,,Ions,,S+SS,H+C
32,Buttle et al.,2001,"Buttle, J.M., Lister, S.W., Hill, A.R., 2001. Controls on runoff components on a forested slope and implications for N transport. Hydrological Processes 15, 1065–1070. https://doi.org/10.1002/hyp.450",1,E,,Ions,,SS,H
33,Buttle and Peters,1997,"Buttle, J.M., Peters, D.L., 1997. Inferring hydrological processes in a temperate basin using isotopic and geochemical hydrograph separation: a re-evaluation. Hydrological Processes 11, 557–573. https://doi.org/10.1002/(SICI)1099-1085(199705)11:6<557::AID-HYP477>3.0.CO;2-Y",2,E,,Iso+Ions,,S+SS,H+C
34,Butzen et al.,2014,"Butzen, V., Seeger, M., Wirtz, S., Huemann, M., Mueller, C., Casper, M., Ries, J.B., 2014. Quantification of Hortonian overland flow generation and soil erosion in a Central European low mountain range using rainfall experiments. Catena 113, 202–212. https://doi.org/10.1016/j.catena.2013.07.008",3,E,,,,S,C
35,Buzek et al.,1995,"Buzek, E., Hruska, J., Kram, P., 1995. Three-component model of runoff generation, Lysina catchment, Czech Republic. Water, Air, Soil Pollution, 79, 391–408. https://doi.org/10.1007/BF01100449",1,E,,Iso,,S,C
36,Caballero et al.,2012,"Caballero, L.A., Rimmer, A., Easton, Z.M., Steenhuis, T.S., 2012. Rainfall Runoff Relationships for a Cloud Forest Watershed in Central America: Implications for Water Resource Engineering. Journal of American Water Resources Association 48, 1022–1031. https://doi.org/10.1111/j.1752-1688.2012.00668.x",4,E,,,,S,C
37,Carey and Woo,1999,"Carey, S.K., Woo, M.-K., 1999. Hydrology of two slopes in subarctic Yukon, Canada. Hydrological Processes 13, 2549–2562. https://doi.org/10.1002/(SICI)1099-1085(199911)13:16<2549::AID-HYP938>3.0.CO;2-H",1,E+M,,,,S+SS,H
38,?ernohous et al.,2010,"?ernohous, V., Šach, F., Kacálek, D., 2010. Effects of drainage treatment and stand growth on changes in runoff components from a forested watershed. Journal of Forest Sciences 56, 307–313. https://doi.org/10.17221/103/2009-JFS",1,E,,,,S,C
39,Chen et al.,2010,"Chen, X., Cheng, Q., Chen, Y.D., Smettem, K., Xu, C., 2010. Simulating the integrated effects of topography and soil properties on runoff generation in hilly forested catchments, South China. Hydrological Processes 24, 714–725. https://doi.org/10.1002/hyp.7509",2,M,TOPMODEL (modified),,,S,C
40,Cheng et al.,2009,"Cheng, J., Zhang, H., Zhang, Y., Shi, Y., Cheng, Y., 2009. Effects of preferential flow on soil-water and surface runoff in a forested watershed in China. Frontiers in Forestry China 4, 132–139. https://doi.org/10.1007/s11461-009-0026-2",1,E,,,,S+SS,C
41,Chiphang et al.,2020,"Chiphang, N., Bandyopadhyay, A., Bhadra, A., 2020. Assessing the Effects of Snowmelt Dynamics on Streamflow and Water Balance Components in an Eastern Himalayan River Basin Using SWAT Model. Environmental Modelling and Assessment, 25, 861–883. https://doi.org/10.1007/s10666-020-09716-8",1,M,SWAT,,,S,C
42,Clark et al.,2017,"Clark, G.E., Ahn, K.-H., Palmer, R.N., 2017. Assessing a Regression-Based Regionalization Approach to Ungauged Sites with Various Hydrologic Models in a Forested Catchment in the Northeastern United States. Journal of Hydrological Engineering 22, 05017027. https://doi.org/10.1061/(ASCE)HE.1943-5584.0001582",3,M,HBV+HSPF,,,S,C
43,Clark et al.,2014,"Clark, K.E., Torres, M.A., West, A.J., Hilton, R.G., New, M., Horwath, A.B., Fisher, J.B., Rapp, J.M., Robles Caceres, A., Malhi, Y., 2014. The hydrological regime of a forested tropical Andean catchment. Hydrology and Earth System Sciences 18, 5377–5397. https://doi.org/10.5194/hess-18-5377-2014",2,E,,Iso,,S,C
44,Coles et al.,2016,"Coles, A.E., Wetzel, C.E., Martínez?Carreras, N., Ector, L., McDonnell, J.J., Frentress, J., Klaus, J., Hoffmann, L., Pfister, L., 2016. Diatoms as a tracer of hydrological connectivity: are they supply limited? Ecohydrology 9, 631–645. https://doi.org/10.1002/eco.1662",1,E,,,,S,C
45,Connon et al.,2015,"Connon, R.F., Quinton, W.L., Craig, J.R., Hanisch, J., Sonnentag, O., 2015. The hydrology of interconnected bog complexes in discontinuous permafrost terrains. Hydrological Processes 29, 3831–3847. https://doi.org/10.1002/hyp.10604",1,E,,,,S,C
46,Cowie et al.,2017,"Cowie, R.M., Knowles, J.F., Dailey, K.R., Williams, M.W., Mills, T.J., Molotch, N.P., 2017. Sources of streamflow along a headwater catchment elevational gradient. Journal of Hydrology 549, 163–178. https://doi.org/10.1016/j.jhydrol.2017.03.044",2,E,,Iso+Ions,,S,C
47,Cui et al.,2024,"Cui, Z., Tian, F., Zhao, Z., Xu, Z., Duan, Y., Wen, J., Khan, M.Y.A., 2024. Bimodal hydrographs in a semi-humid forested watershed: characteristics and occurrence conditions. Hydrol. Earth Syst. Sci. 28, 3613–3632. https://doi.org/10.5194/hess-28-3613-2024",1,E,,Iso,,S+SS,C
48,Cuomo and Guida,2016,"Cuomo, A., Guida, D., 2016. Using hydro-chemograph analyses to reveal runoff generation processes in a Mediterranean catchment: Ciciriello Catchment Hydro-chemical Analysis. Hydrological Processes 30, 4462–4476. https://doi.org/10.1002/hyp.10935",1,E,,EC,,S,C
49,Curtu et al.,2014,"Curtu, R., Mantilla, R., Fonley, M., Cunha, L.K., Small, S.J., Jay, L.O., Krajewski, W.F., 2014. An integral-balance nonlinear model to simulate changes in soil moisture, groundwater and surface runoff dynamics at the hillslope scale. Advances in Water Resources 71, 125–139. https://doi.org/10.1016/j.advwatres.2014.06.003",1,M,ODE,,,SS,H
50,David et al.,2019,"David, P.C., Oliveira, D.Y., Grison, F., Kobiyama, M., Chaffe, P.L.B., 2019. Systematic increase in model complexity helps to identify dominant streamflow mechanisms in two small forested basins. Hydrological Sciences Journal 64, 455–472. https://doi.org/10.1080/02626667.2019.1585858",2,M,SUPERFLEX,,,S,C
51,Demers et al.,2021,"Demers, D.J., Green, M.B., Bailey, S.W., 2021. Semi?Automated Characterization of Streamwater Specific Conductivity Response to Storms. Journal of American Water Resources Association 57, 844–857. https://doi.org/10.1111/1752-1688.12941",1,E+M,No name EC model,EC,,S,C
52,Detty and McGuire,2010,"Detty, J.M., McGuire, K.J., 2010. Topographic controls on shallow groundwater dynamics: implications of hydrologic connectivity between hillslopes and riparian zones in a till mantled catchment. Hydrological Processes 24, 2222–2236. https://doi.org/10.1002/hyp.7656",1,E,,,,SS,C
53,Deutscher et al.,2014,"Deutscher, J., Kupec, P., 2014. Monitoring and validating the temporal dynamics of interday streamflow from two upland head micro-watersheds with different vegetative conditions during dry periods of the growing season in the Bohemian Massif, Czech Republic. Environmental Monitoring and Assessing 186, 3837–3846. https://doi.org/10.1007/s10661-014-3661-5",2,E,,,,S,C
54,Deutscher et al.,2016,"Deutscher, J., Kupec, P., Dundek, P., Holík, L., Machala, M., Urban, J., 2016. Diurnal dynamics of streamflow in an upland forested micro?watershed during short precipitation?free periods is altered by tree sap flow. Hydrological Processes 30, 2042–2049. https://doi.org/10.1002/hyp.10771",1,E,,,,S,C
55,Devine et al.,2021,"Devine, W.D., Steel, E.A., Foster, A.D., Minkova, T.V., Martens, K.D., 2021. Watershed characteristics influence winter stream temperature in a forested landscape. Aquatic Sciences 83, 45. https://doi.org/10.1007/s00027-021-00802-x",54,E,,Temp,,S,C
56,Devito et al.,2005,"Devito, K.J., Creed, I.F., Fraser, C.J.D., 2005. Controls on runoff from a partially harvested aspen?forested headwater catchment, Boreal Plain, Canada. Hydrological Processes 19, 3–25. https://doi.org/10.1002/hyp.5776",1,E,,,,S+SS,C
57,DeWalle et al.,1997,"DeWalle, D.R., Edwards, P.J., Swistock, B.R., Aravena, R., Drimmie, R.J., 1997. Seasonal isotope hydrology of three Appalachian forest catchments. Hydrological Processes 11, 1895–1906. https://doi.org/10.1002/(SICI)1099-1085(199712)11:15<1895::AID-HYP538>3.0.CO;2-#",3,E,,Iso,,S,C
58,Dhakal and Sullivan,2012,"Dhakal, A.S., Sullivan, K., 2014. Shallow groundwater response to rainfall on a forested headwater catchment in northern coastal California: implications of topography, rainfall, and throughfall intensities on peak pressure head generation. Hydrological Processes 28, 446–463. https://doi.org/10.1002/hyp.9542",1,E,,,,SS,C
59,Di Prima et al.,2023,"Di Prima, S., Fernandes, G., Marras, E., Giadrossich, F., Stewart, R.D., Abou Najm, M.R., Winiarski, T., Mourier, B., Angulo-Jaramillo, R., Comegna, A., Del Campo, A., Lassabatere, L., 2023. Evaluating subsurface flow connectivity in a pine-covered hillslope with stemflow infiltration and ground-penetrating radar surveys. Journal of Hydrology 620, 129527. https://doi.org/10.1016/j.jhydrol.2023.129527",1,E,,,,SS,H
60,Donnelly-Makowecki et al.,1999,"Donnelly-Makowecki, L.M., Moore, R.D., 1999. Hierarchical testing of three rainfall–runoff models in small forested catchments. Journal of Hydrology 219, 136–152. https://doi.org/10.1016/S0022-1694(99)00056-6",2,M,TOPMODEL + Lumped 2-reservoir model + lumped 3-reservoir model,,,S,C
61,Du et al.,2016,"Du, E., Link, T.E., Gravelle, J.A., Hubbart, J.A., 2014. Validation and sensitivity test of the distributed hydrology soil-vegetation model (DHSVM) in a forested mountain watershed. Hydrological Processes 28, 6196–6210. https://doi.org/10.1002/hyp.10110",3,E,,,,SS,H
62,Du et al.,2014,"Du, E., Rhett Jackson, C., Klaus, J., McDonnell, J.J., Griffiths, N.A., Williamson, M.F., Greco, J.L., Bitew, M., 2016. Interflow dynamics on a low relief forested hillslope: Lots of fill, little spill. Journal of Hydrology 534, 648–658. https://doi.org/10.1016/j.jhydrol.2016.01.039",1,M,DHSVM,,,S,C
63,Du et al.,2007,"Du, J., Xie, S., Xu, Y., Xu, C., Singh, V.P., 2007. Development and testing of a simple physically-based distributed rainfall-runoff model for storm runoff simulation in humid forested basins. Journal of Hydrology 336, 334–346. https://doi.org/10.1016/j.jhydrol.2007.01.015",1,M,Physically-based distributed rainfall-runoff model,,,S+SS,C
64,Durand et al.,1993,"Durand, P., Neal, M., Neal, C., 1993. Variations in stable oxygen isotope and solute concentrations in small submediterranean montane streams. Journal of Hydrology 144, 283–290. https://doi.org/10.1016/0022-1694(93)90176-A",2,E,,Iso+Ions,,S,C
65,Dusek and Vogel,2016,"Dusek, J., Vogel, T., 2016. Hillslope-storage and rainfall-amount thresholds as controls of preferential stormflow. Journal of Hydrology 534, 590–605. https://doi.org/10.1016/j.jhydrol.2016.01.047",1,M,two-dimensional dual-continuum model,,,SS,H
66,Dvo?áková et al.,2012,"Dvo?áková, S., Ková?, P., Zeman, J., 2012. Implementation of conceptual linear storage model of runoff with diurnal fluctuation in rainless periods. Journal of Hydrology and Hydromechanics, 60, 4. https://doi.org/10.2478/v10098-012-0019-y",1,M,linear storage model ,,,S,C
67,Egusa et al.,2016,"Egusa, T., Ohte, N., Oda, T., Suzuki, M., 2016. Quantifying aggregation and change in runoff source in accordance with catchment area increase in a forested headwater catchment. Hydrological Processes 30, 4125–4138. https://doi.org/10.1002/hyp.10916",1,E,,Ions+EC,,SS,C
68,Elsembeer and Vertessy,2000,"Elsenbeer, H., Vertessy, R.A., 2000. Stormflow generation and flowpath characteristics in an Amazonian rainforest catchment. Hydrological Processes 14, 2367–2381. https://doi.org/10.1002/1099-1085(20001015)14:14<2367::AID-HYP107>3.0.CO;2-H",1,E,,,,S,C
69,Emanuel et al.,2014,"Emanuel, R.E., Hazen, A.G., McGlynn, B.L., Jencso, K.G., 2014. Vegetation and topographic influences on the connectivity of shallow groundwater between hillslopes and streams. Ecohydrology 7, 887–895. https://doi.org/10.1002/eco.1409",1,E,,,,SS,C
70,Epps et al.,2013,"Epps, T.H., Hitchcock, D.R., Jayakaran, A.D., Loflin, D.R., Williams, T.M., Amatya, D.M., 2013. Curve Number Derivation for Watersheds Draining Two Headwater Streams in Lower Coastal Plain South Carolina, USA. Journal of American Water Resources Association 49, 1284–1295. https://doi.org/10.1111/jawr.12084",2,M,SCS-CN,,,S,C
71,Fadhliani et al.,2021,"Fadhliani, Zulkafli, Z., Yusuf, B., Nurhidayu, S., 2021. Assessment of Streamflow Simulation for a Tropical Forested Catchment Using Dynamic TOPMODEL—Dynamic fluxEs and ConnectIvity for Predictions of HydRology (DECIPHeR) Framework and Generalized Likelihood Uncertainty Estimation (GLUE). Water 13, 317. https://doi.org/10.3390/w13030317",1,M,DECIPHeR1 (TOPMODEL),,,S,C
72,Farrick et al.,2014,"Farrick, K.K., Branfireun, B.A., 2014. Soil water storage, rainfall and runoff relationships in a tropical dry forest catchment. Water Resources Research 50, 9236–9250. https://doi.org/10.1002/2014WR016045",1,E,,,,S,C
73,Farrick et al.,2015,"Farrick, K.K., Branfireun, B.A., 2015. Flowpaths, source water contributions and water residence times in a Mexican tropical dry forest catchment. Journal of Hydrology 529, 854–865. https://doi.org/10.1016/j.jhydrol.2015.08.059",1,E,,,,S+SS,C
74,Flores et al.,2021,"Flores, N., Rodríguez, R., Yépez, S., Osores, V., Rau, P., Rivera, D., Balocchi, F., 2021. Comparison of Three Daily Rainfall-Runoff Hydrological Models Using Four Evapotranspiration Models in Four Small Forested Watersheds with Different Land Cover in South-Central Chile. Water 13, 3191. https://doi.org/10.3390/w13223191",4,M,"GR4J, GR5J, GR6J",,,S,C
75,Frene et al.,2021,"Frêne, C., Armesto, J.J., Véliz, F., Alfaro, F.D., Weathers, K.C., 2021. High?frequency monitoring of hydrological and biogeochemical fluxes in forested catchments of southern Chile. Hydrological Processes 35, e14175. https://doi.org/10.1002/hyp.14175",1,E,,,,S,C
76,Fu et al.,2014,"Fu, C., James, A.L., Yao, H., 2014. SWAT-CS: Revision and testing of SWAT for Canadian Shield catchments. Journal of Hydrology 511, 719–735. https://doi.org/10.1016/j.jhydrol.2014.02.023",7,M,SWAT-CS,,,S,C
77,Fujieda et al.,1997,"Fujieda, M., Kudoh, T., De Cicco, V., De Calvarcho, J.L., 1997. Hydrological processes at two subtropical forest catchments: the Serra do Mar, São Paulo, Brazil. Journal of Hydrology 196, 26–46. https://doi.org/10.1016/S0022-1694(97)00015-2",2,E,,,,S+SS,H+C
78,Fujino et al.,2023,"Fujino, M., Sakakibara, K., Tsujimura, M., Suzuki, K., 2023. Influence of alpine vegetation on water storage and discharge functions in an alpine headwater of Northern Japan Alps. Journal of Hydrology X 18, 100146. https://doi.org/10.1016/j.hydroa.2022.100146",5,E,,Ions,,S+SS,C
79,Fujita et al.,2006,"Fujita, M., Haga, H., Nishida, K., Sakamoto, Y., 2006. Evaluation of hydrological processes in a mountainous small basin using a quinone biomarker. Water Science and Technology 53, 93–99. https://doi.org/10.2166/wst.2006.042",1,E,,Others,Quinone biomarker,SS,H
80,Fuss et al.,2016,"Fuss, C.B., Driscoll, C.T., Green, M.B., Groffman, P.M., 2016. Hydrologic flowpaths during snowmelt in forested headwater catchments under differing winter climatic and soil frost regimes. Hydrological Processes 30, 4617–4632. https://doi.org/10.1002/hyp.10956",3,E,,Ions,,S,C
81,Gallart et al.,1997,"Gallart, F., Latron, J., Llorens, P., Rabadà, D., 1997. Hydrological functioning of mediterranean mountain basins in Vallcebre, Catalonia: Some challenges for hydrological modelling. Hydrological Processes 11, 1263–1272. https://doi.org/10.1002/(SICI)1099-1085(199707)11:9<1263::AID-HYP556>3.0.CO;2-W",3,E,,,,S+SS,C
82,Garvelmann et al.,2015,"Garvelmann, J., Pohl, S., Weiler, M., 2015. Spatio?temporal controls of snowmelt and runoff generation during rain?on?snow events in a mid?latitude mountain catchment. Hydrological Processes 29, 3649–3664. https://doi.org/10.1002/hyp.10460",1,E,,,,S,C
83,Gautam et al.,2000,"Gautam, M.R., Watanabe, K., Saegusa, H., 2000. Runoff analysis in humid forest catchment with artificial neural network. Journal of Hydrology 235, 117–136. https://doi.org/10.1016/S0022-1694(00)00268-7",4,E+M,,,,S+SS,H+C
84,Gelmini et al.,2022,"Gelmini, Y., Zuecco, G., Zaramella, M., Penna, D., Borga, M., 2022. Hysteresis in streamflow-water table relation provides a new classification system of rainfall-runoff events. Hydrological Processes, 36(9), e14685. https://doi.org/10.1002/hyp.14685",1,E,,Iso+EC,,S+SS,C
85,Genereux et al.,1993,"Genereux, D.P., Hemond, H.F., Mulholland, P.J., 1993. Spatial and temporal variability in streamflow generation on the West Fork of Walker Branch Watershed. Journal of Hydrology 142, 137–166. https://doi.org/10.1016/0022-1694(93)90009-X",1,E,,Ions,,S+SS,C
86,George and Sekhar,2022,"George, P.M., Sekhar, M., 2022. Base flow simulation using a physically based subsurface model – The case of a tropical basin in the Western Ghats, India. Journal of Hydrology 613, 128451. https://doi.org/10.1016/j.jhydrol.2022.128451",2,M,Digital filters,,,S,C
87,Gerke et al.,2015,"Gerke, K.M., Sidle, R.C., Mallants, D., 2015. Preferential flow mechanisms identified from staining experiments in forested hillslopes. Hydrological Processes 29, 4562–4578. https://doi.org/10.1002/hyp.10468",2,E,,,,SS,H
88,Gianfagna et al.,2015,"Gianfagna, C.C., Johnson, C.E., Chandler, D.G., Hofmann, C., 2015. Watershed area ratio accurately predicts daily streamflow in nested catchments in the Catskills, New York. Journal of Hydrology: Regional Studies 4, 583–594. https://doi.org/10.1016/j.ejrh.2015.09.002",15,M,Statistical model,,,S,C
89,Glaser et al.,2018,"Glaser, B., Antonelli, M., Chini, M., Pfister, L., Klaus, J., 2018. Technical note: Mapping surface-saturation dynamics with thermal infrared imagery. Hydrology and Earth System Sciences 22, 5987–6003. https://doi.org/10.5194/hess-22-5987-2018",1,E,,,,S,C
90,Glaser et al.,2020,"Glaser, B., Antonelli, M., Hopp, L., Klaus, J., 2020. Intra-catchment variability of surface saturation – insights from physically based simulations in comparison with biweekly thermal infrared image observations. Hydrology and Earth System Sciences 24, 1393–1413. https://doi.org/10.5194/hess-24-1393-2020",1,E+M,HydroGeoSphere,,,S,C
91,Glaser et al.,2019,"Glaser, B., Jackisch, C., Hopp, L., Klaus, J., 2019. How Meaningful are Plot-Scale Observations and Simulations of Preferential Flow for Catchment Models? Vadose Zone Journal, 18: 1-18 180146. https://doi.org/10.2136/vzj2018.08.0146",1,E+M,HydroGeoSphere,,,S+SS,H+C
92,Glaser et al.,2016,"Glaser, B., Klaus, J., Frei, S., Frentress, J., Pfister, L., Hopp, L., 2016. On the value of surface saturated area dynamics mapped with thermal infrared imagery for modeling the hillslope-riparian-stream continuum. Water Resources Research52, 8317–8342. https://doi.org/10.1002/2015WR018414",1,E+M,HydroGeoSphere,,,S,C
93,Godsey ,2004,"Godsey, S., Elsenbeer, H., Stallard, R., 2004. Overland flow generation in two lithologically distinct rainforest catchments. Journal of Hydrology 295, 276–290. https://doi.org/10.1016/j.jhydrol.2004.03.014",2,E,,,,S,C
94,Gokbulak ,2015,"Gökbulak, F., ?engönül, K., Serengil, Y., Yurtseven, ?., Özhan, S., Cigizoglu, H.K., Uygur, B., 2015. Comparison of Rainfall-Runoff Relationship Modeling using Different Methods in a Forested Watershed. Water Resources Management 29, 4229–4239. https://doi.org/10.1007/s11269-015-1056-1",1,M,statistical method + artificial neural network method,,,S,C
95,Gomi ,2010,"Gomi, T., Asano, Y., Uchida, T., Onda, Y., Sidle, R.C., Miyata, S., Kosugi, K., Mizugaki, S., Fukuyama, T., Fukushima, T., 2010. Evaluation of storm runoff pathways in steep nested catchments draining a Japanese cypress forest in central Japan: a geochemical approach. Hydrological Processes 24, 550–566. https://doi.org/10.1002/hyp.7550",7,E,,Iso,,S,H
96,Gomi et al.,2008,"Gomi, T., Sidle, R.C., Ueno, M., Miyata, S., Kosugi, K., 2008. Characteristics of overland flow generation on steep forested hillslopes of central Japan. Journal of Hydrology 361, 275–290. https://doi.org/10.1016/j.jhydrol.2008.07.045",4,E,,,,S,H
97,Goodbrand et al.,2019,"Goodbrand, A., Westbrook, C.J., Van Der Kamp, G., 2019. Hydrological functions of a peatland in a Boreal Plains catchment. Hydrological Processes 33, 562–574. https://doi.org/10.1002/hyp.13343",1,E,,Iso,,S+SS,C
98,Gootman and Hubbart,2021,"Gootman, K.S., Hubbart, J.A., 2021. Rainfall, runoff and shallow groundwater response in a mixed?use, agro?forested watershed of the northeast, USA. Hydrological Processes 35, e14312. https://doi.org/10.1002/hyp.14312",8,E,,,,S+SS,C
99,Griffin et al.,2014,"Griffin, M.P., Callahan, T.J., Vulava, V.M., Williams, T.M., 2014. Storm?event flow pathways in lower coastal plain forested watersheds of the southeastern United States. Water Resources Research 50, 8265–8280. https://doi.org/10.1002/2014WR015941",3,E,,Ions,,S,C
100,Guo et al.,2018,"Guo, L., Fan, B., Zhang, J., Lin, H., 2018. Occurrence of subsurface lateral flow in the Shale Hills Catchment indicated by a soil water mass balance method. European Journal of Soil Science 69, 771–786. https://doi.org/10.1111/ejss.12701",1,E+M,soil water mass balance-based,,,S,C
101,Guyo et al.,2024,"Guyo, R.H., Wang, K., Saito, M., Onodera, S., Shimizu, Y., Moroizumi, T., 2024. Spatiotemporal shallow and deep groundwater dynamics in a forested mountain catchment with diverse slope gradients, western Japan. Groundwater for Sustainable Development 25, 101150. https://doi.org/10.1016/j.gsd.2024.101150",1,M,SWAT + CN-SCS,,,SS,C
102,Haas et al.,2022,"Haas, H., Kalin, L., Srivastava, P., 2022. Improved forest dynamics leads to better hydrological predictions in watershed modeling. Science of The Total Environment 821, 153180. https://doi.org/10.1016/j.scitotenv.2022.153180",2,M,SWAT,,,S,C
103,Haas et al.,2024,"Haas, H., Kalin, L., Yen, H., 2024. Improved forest canopy evaporation leads to better predictions of ecohydrological processes. Ecological Modelling 489, 110620. https://doi.org/10.1016/j.ecolmodel.2024.110620",6,M,SWAT,,,S,C
104,Haga et al.,2005,"Haga, H., Matsumoto, Y., Matsutani, J., Fujita, M., Nishida, K., Sakamoto, Y., 2005. Flow paths, rainfall properties, and antecedent soil moisture controlling lags to peak discharge in a granitic unchanneled catchment. Water Resources Research 41, 2005WR004236. https://doi.org/10.1029/2005WR004236",1,E,,,,S+SS,C
105,Han et al.,2020,"Han, X., Liu, J., Srivastava, P., Mitra, S., He, R., 2020. Effects of critical zone structure on patterns of flow connectivity induced by rainstorms in a steep forested catchment. Journal of Hydrology 587, 125032. https://doi.org/10.1016/j.jhydrol.2020.125032",1,E,,,,S+SS,C
106,Hartmann et al.,2023,"Hartmann, A., Payeur-Poirier, J.-L., Hopp, L., 2023. Incorporating experimentally derived streamflow contributions into model parameterization to improve discharge prediction. Hydrol. Earth Syst. Sci. 27, 1325–1341. https://doi.org/10.5194/hess-27-1325-2023",1,E+M,HBV,Ions+EC,,S+SS,C
107,Heller and Kleber,2016,"Heller, K., Kleber, A., 2016. Hillslope runoff generation influenced by layered subsurface in a headwater catchment in Ore Mountains, Germany. Environment and Earth Sciece 75, 943. https://doi.org/10.1007/s12665-016-5750-y",1,E,,,,SS,H
108,Hemr et al.,2023,"Hemr, O., Vichta, T., Brychtová, M., Kupec, P., Žižlavská, N., Tomášová, G., Deutscher, J., 2023. Stemflow infiltration hotspots near-tree stems along a soil depth gradient in a mixed oak–beech forest. Eur J Forest Res 142, 1385–1400. https://doi.org/10.1007/s10342-023-01592-7",1,E,,,,SS,H
109,Herrmann and Duncker,2008,"Herrmann, A., Duncker, D., 2008. Runoff formation in a tile-drained agricultural basin of the Harz Mountain Foreland, Northern Germany. Soil Water Research 3, 83–97. https://doi.org/10.17221/20/2008-SWR",1,E,,,,S+SS,C
110,Hinkley et al.,2014,"Hinckley, E.S., Ebel, B.A., Barnes, R.T., Anderson, R.S., Williams, M.W., Anderson, S.P., 2014. Aspect control of water movement on hillslopes near the rain–snow transition of the Colorado Front Range. Hydrological Processes 28, 74–85. https://doi.org/10.1002/hyp.9549",1,E+M,Hydrus-1D,Ions,,SS,H
111,Hogan and Blum,2003,"Hogan, J.F., Blum, J.D., 2003. Tracing hydrologic flow paths in a small forested watershed using variations in87 Sr/86 Sr, [Ca]/[Sr], [Ba]/[Sr] and ?18 O. Water Resources Research 39, 2002WR001856. https://doi.org/10.1029/2002WR001856",1,E,,Iso+Ions,,S,C
112,Holko et al.,2011,"Holko, L., Kostka, Z., Šanda, M., 2011. Assessment of frequency and areal extent of overland flow generation in a forested mountain catchment. Soil Water Research 6, 43–53. https://doi.org/10.17221/33/2010-SWR",1,E,,Iso,,S,C
113,Howard et al.,2010,"Howard, A.J., Bonell, M., Gilmour, D., Cassells, D., 2010. Is rainfall intensity significant in the rainfall–runoff process within tropical rainforests of northeast Queensland? The Hewlett regression analyses revisited. Hydrological Processes 24, 2520–2537. https://doi.org/10.1002/hyp.7694",2,E,,,,S,C
114,Hudson et al.,2021,"Hudson, D.T., Leach, J.A., Webster, K., Houle, D., 2021. Streamflow regime of a lake?stream system based on long?term data from a high?density hydrometric network. Hydrological Processes 35, e14396. https://doi.org/10.1002/hyp.14396",21,E,,,,S,C
115,Hunter et al.,2005,"Hunter, M.A., Quinn, T., Hayes, M.P., 2005. Low flow spatial characteristics in forested headwater channels of southwest Washington. Journal of American Water Resources Association 41, 503–516. https://doi.org/10.1111/j.1752-1688.2005.tb03751.x",1,E,,,,S,C
116,Huntington and Shanley,2022,"Huntington, T.G., Shanley, J.B., 2022. A systematic increase in the slope of the concentration discharge relation for dissolved organic carbon in a forested catchment in Vermont, USA. Science of the Total Environment 844, 156954. https://doi.org/10.1016/j.scitotenv.2022.156954",1,E, ,,,S,C
117,Hwang et al.,2012,"Hwang, T., Band, L.E., Vose, J.M., Tague, C., 2012. Ecosystem processes at the watershed scale: Hydrologic vegetation gradient as an indicator for lateral hydrologic connectivity of headwater catchments. Water Resources Research 48, 2011WR011301. https://doi.org/10.1029/2011WR011301",20,E+M,RHESSys+TOPMODEL,,,S+SS,C
118,Hwang et al.,2023,"Hwang, T., Band, L.E., Oishi, A.C., Kang, H., 2023. Greenup Variability Impact on Seasonal Streamflow and Soil Moisture Dynamics in Humid, Temperate Forests. Water Resources Research 59, e2022WR034125. https://doi.org/10.1029/2022WR034125",8,E,,,,S,H+C
119,Im et al.,2020,"Im, S., Lee, J., Kuraji, K., Lai, Y.-J., Tuankrua, V., Tanaka, N., Gomyo, M., Inoue, H., Tseng, C.-W., 2020. Soil conservation service curve number determination for forest cover using rainfall and runoff data in experimental forests. Journal of Forest Research 25, 204–213. https://doi.org/10.1080/13416979.2020.1785072",8,M,SCS-CN,,,S,C
120,Iwasaki et al.,2021,"Iwasaki, K., Nagasaka, Y., Nagasaka, A., 2021. Geological Effects on the Scaling Relationships of Groundwater Contributions in Forested Watersheds. Water Resources Research 57, e2021WR029641. https://doi.org/10.1029/2021WR029641",6,E,,,,SS,C
121,James et al.,2010,"James, A.L., McDonnell, J.J., Tromp?van Meerveld, I., Peters, N.E., 2010. Gypsies in the palace: experimentalist’s view on the use of 3?D physics?based simulation of hillslope hydrological response. Hydrological Processes 24, 3878–3893. https://doi.org/10.1002/hyp.7819",1,M,TOUGH 2,,,S+SS,H
122,James and Roulet,2006,"James, A.L., Roulet, N.T., 2006. Investigating the applicability of end?member mixing analysis (EMMA) across scale: A study of eight small, nested catchments in a temperate forested watershed. Water Resources Research 42, 2005WR004419. https://doi.org/10.1029/2005WR004419",8,E,,Ions+EC,,S+SS,C
123,James and Roulet,2007,"James, A.L., Roulet, N.T., 2007. Investigating hydrologic connectivity and its association with threshold change in runoff response in a temperate forested watershed. Hydrological Processes 21, 3391–3408. https://doi.org/10.1002/hyp.6554",1,E,,,,S+SS,C
124,James and Roulet,2009,"James, A.L., Roulet, N.T., 2009. Antecedent moisture conditions and catchment morphology as controls on spatial patterns of runoff generation in small forest catchments. Journal of Hydrology 377, 351–366. https://doi.org/10.1016/j.jhydrol.2009.08.039",8,E,,Iso+Ions,,S+SS,C
125,Jaskierniak et al.,2019,"Jaskierniak, D., Kuczera, G., Benyon, R.G., Haydon, S., Lane, P.N.J., 2019. Top-down seasonal streamflow model with spatiotemporal forest sapwood area. Journal of Hydrology 568, 372–384. https://doi.org/10.1016/j.jhydrol.2018.10.075",3,M,ABCF,,,S,C
126,Jensen et al.,2017,"Jensen, C.K., McGuire, K.J., Prince, P.S., 2017. Headwater stream length dynamics across four physiographic provinces of the Appalachian Highlands. Hydrological Processes 31, 3350–3363. https://doi.org/10.1002/hyp.11259",12,E,,,,S,C
127,Johnson et al.,2022,"Johnson, B.G., Morris, C.S., Mase, H.L., Whitehouse, P.S., Paradise, C.J., 2022. Seasonal flashiness and high frequency discharge events in headwater streams in the North Carolina Piedmont (United States). Hydrological Processes 36, e14550. https://doi.org/10.1002/hyp.14550",4,E,,EC,,S,C
128,Juez et al.,2021,"Juez, C., Peña-Angulo, D., Khorchani, M., Regüés, D., Nadal-Romero, E., 2021. 20-Years of hindsight into hydrological dynamics of a mountain forest catchment in the Central Spanish Pyrenees. Science of the Total Environment 766, 142610. https://doi.org/10.1016/j.scitotenv.2020.142610",1,E,,,,S,C
129,Kabeya et al.,2008,"Kabeya, N., Shimizu, A., Nobuhiro, T., Tamai, K., 2008. Preliminary study of flow regimes and stream water residence times in multi-scale forested watersheds of central Cambodia. Paddy Water Environ 6, 25–35. https://doi.org/10.1007/s10333-008-0104-3",4,E,,,,S,C
130,Karagül and Çitgez,2019,"Karagül, R., Çitgez, T., 2019. Estimation of peak runoff and frequency in an ungauged stream of a forested watershed for flood hazard mapping. Journal of Forest Research 30, 555–564. https://doi.org/10.1007/s11676-018-0650-5",1,M,SCS-CN,,,S,C
131,Karlsten et al.,2016,"Karlsen, R.H., Grabs, T., Bishop, K., Buffam, I., Laudon, H., Seibert, J., 2016. Landscape controls on spatiotemporal discharge variability in a boreal catchment. Water Resources Research 52, 6541–6556. https://doi.org/10.1002/2016WR019186",1,E,,,,S,C
132,Katsuyama and Ohte,2001,"Katsuyama, M., Ohte, N., Kobashi, S., 2001. A three?component end?member analysis of streamwater hydrochemistry in a small Japanese forested headwater catchment. Hydrological Processes 15, 249–260. https://doi.org/10.1002/hyp.155",1,E,,Ions,,S,C
133,Katsuyama and Ohte,2002,"Katsuyama, M., Ohte, N., 2002. Determining the sources of stormflow from the fluorescence properties of dissolved organic carbon in a forested headwater catchment. Journal of Hydrology 268, 192–202. https://doi.org/10.1016/S0022-1694(02)00175-0",1,E,,Ions,,S+SS,C
134,Kinal and Stoneman,2012,"Kinal, J., Stoneman, G.L., 2012. Disconnection of groundwater from surface water causes a fundamental change in hydrology in a forested catchment in south-western Australia. Journal of Hydrology 472–473, 14–24. https://doi.org/10.1016/j.jhydrol.2012.09.013",1,E,,,,S+SS,C
135,Kinnard et al.,2022,"Kinnard, C., Bzeouich, G., Assani, A., 2022. Impacts of summer and winter conditions on summer river low flows in low elevation, snow-affected catchments. Journal of Hydrology 605, 127393. https://doi.org/10.1016/j.jhydrol.2021.127393",10,E,,,,S,C
136,Kinnard et al.,2024,"Kinnard, C., Nemri, S., Assani, A., 2024. Mechanisms of spring freshet generation in southern Quebec, Canada. Canadian Water Resources Journal / Revue canadienne des ressources hydriques 49, 421–440. https://doi.org/10.1080/07011784.2024.2375346",10,E+M,Statistical,,,S,C
137,Kirchner,2020,"Kirchner, J.W., Godsey, S.E., Solomon, M., Osterhuber, R., McConnell, J.R., Penna, D., 2020. The pulse of a montane ecosystem: coupling between daily cycles in solar flux, snowmelt, transpiration, groundwater, and streamflow at Sagehen Creek and Independence Creek, Sierra Nevada, USA. Hydrology and Earth System Sciences 24, 5095–5123. https://doi.org/10.5194/hess-24-5095-2020",2,E,,,,S+SS,C
138,"Klaus et al., a",2015,"Klaus, J., McDonnell, J.J., Jackson, C.R., Du, E., Griffiths, N.A., 2015a. Where does streamwater come from in low-relief forested watersheds? A dual-isotope approach. Hydrology and Earth System Sciences 19, 125–135. https://doi.org/10.5194/hess-19-125-2015",3,E,,Iso,,S,C
139,"Klaus et al., b",2015,"Klaus, J,, Wetzel, C.E., Martínez?Carreras, N., Ector, L., Pfister, L., 2015b. A tracer to bridge the scales: on the value of diatoms for tracing fast flow path connectivity from headwaters to meso?scale catchments. Hydrological Processes 29, 5275–5289. https://doi.org/10.1002/hyp.10628",7,E,,Others,Diatoms,S,C
140,Koivusalo et al.,2000,"Koivusalo, H., Karvonen, T., Lepistö, A., 2000. A quasi-three-dimensional model for predicting rainfall-runoff processes in a forested catchment in Southern Finland, Hydrology and Earth System Sciences, 4, 65–78, https://doi.org/10.5194/hess-4-65-2000.",1,M,,,,S+SS,C
141,Koivusalo and Kokkonen,2003,"Koivusalo, H., Kokkonen, T., 2003. Modelling runoff generation in a forested catchment in southern Finland. Hydrological Processes 17, 313–328. https://doi.org/10.1002/hyp.1126",1,M,CPM,,,S+SS,C
142,Kokkonen et al.,2006,"Kokkonen, T., Koivusalo, H., Laurén, A., Penttinen, S., Starr, M., Kellomäki, S., Finér, L., 2006. Implications of processing spatial data from a forested catchment for a hillslope hydrological model. Ecological Modelling 199, 393–408. https://doi.org/10.1016/j.ecolmodel.2006.04.026",2,M,CPM,,,S+SS,H
143,Krogh et al.,2017,"Krogh, S.A., Pomeroy, J.W., Marsh, P., 2017. Diagnosis of the hydrology of a small Arctic basin at the tundra-taiga transition using a physically based hydrological model. Journal of Hydrology 550, 685–703. https://doi.org/10.1016/j.jhydrol.2017.05.042",1,M,Cold Regions Hydrological Model,,,SS,C
144,Kubota and Sivapalan,1995,"Kubota, J., Sivapalan, M., 1995. Towards a catchment-scale model of subsurface runoff generation based on synthesis of small-scale process-based modelling and field studies. Hydrological Processes, 9: 541-554. https://doi.org/10.1002/hyp.3360090506",1,E+M,Distributed model,,,S+SS,H+C
145,Kubota and Tsuboyama,2003,"Kubota, T., Tsuboyama, Y., 2003. Intra- and inter-storm oxygen-18 and deuterium variations of rain, throughfall, and stemflow, and two-component hydrograph separation in a small forested catchment in Japan. Journal of Forest Research 8, 179–190. https://doi.org/10.1007/s10310-002-0024-9",1,E,,Iso,,S,C
146,Kushwaha and Jain,2013,"Kushwaha, A., Jain, M.K., 2013. Hydrological Simulation in a Forest Dominated Watershed in Himalayan Region using SWAT Model. Water Resour Manage 27, 3005–3023. https://doi.org/10.1007/s11269-013-0329-9",1,M,SWAT,,,S,C
147,La Torre Torres et al.,2011,"La Torre Torres, I.B., Amatya, D.M., Sun, G., Callahan, T.J., 2011. Seasonal rainfall–runoff relationships in a lowland forested watershed in the southeastern USA. Hydrological Processes 25, 2032–2045. https://doi.org/10.1002/hyp.7955",1,E,,,,S,C
148,Lafevor et al.,2021,"LaFevor, M.C., Ramos-Scharrón, C.E., 2021. Effects of Hillslope Trenching on Surface Water Infiltration in Subalpine Forested Catchments. Hydrology 8, 147. https://doi.org/10.3390/hydrology8040147",1,E+M,Infiltration model,,,S+SS,C
149,Lange et al.,1996,"Lange, H., Lischeid, G., Hoch, R., Hauhs, M., 1996. Water flow paths and residence times in a small headwater catchment at Gårdsjön, Sweden, during steady state storm flow conditions. Water Resources Research 32, 1689–1698. https://doi.org/10.1029/96WR00501",1,E,,Ions,,S+SS,C
150,Lange and Haensler,2012,"Lange, J., Haensler, A., 2012. Runoff generation following a prolonged dry period. Journal of Hydrology 464–465, 157–164. https://doi.org/10.1016/j.jhydrol.2012.07.010",1,E,,,,S,C
151,Latron and Gallart,1995,"Latron, J., Gallart, F., 1995. Hydrological response of two nested small Mediterranean basins presenting various degradation states. Physics and Chemistry of the Earth 20, 369–374. https://doi.org/10.1016/0079-1946(95)00050-X",2,E,,,,S,C
152,Laudon et al.,2007,"Laudon, H., Sjöblom, V., Buffam, I., Seibert, J., Mörth, M., 2007. The role of catchment scale and landscape characteristics for runoff generation of boreal streams. Journal of Hydrology 344, 198–209. https://doi.org/10.1016/j.jhydrol.2007.07.010",15,E,,Iso,,S+SS,C
153,Leach and Moore,2021,"Leach, J.A., Moore, R.D., 2015. Observations and modeling of hillslope throughflow temperatures in a coastal forested catchment. Water Resources Research 51, 3770–3795. https://doi.org/10.1002/2014WR016763",2,E+M,Temperature model,Temp,,S,C
154,Leach et al.,2015,"Leach, J.A., Neilson, B.T., Buahin, C.A., Moore, R.D., Laudon, H., 2021. Lake Outflow and Hillslope Lateral Inflows Dictate Thermal Regimes of Forested Streams Draining Small Lakes. Water Resources Research 57, e2020WR028136. https://doi.org/10.1029/2020WR028136",1,M,Temp model; SWAT; CEQUEAU; HSPF; LARSIM-WT; MIKE-SHE,,,SS,H
155,Leach et al.,2024,"Leach, J.A., Webster, K.L., Hudson, D.T., Buttle, J., Nehemy, M., 2024. Zero?Flow Dynamics for Headwater Streams in a Humid Forested Landscape. Hydrological Processes 38, e70025. https://doi.org/10.1002/hyp.70025",13,E+M,HBV-EC (for snow) + statistical,,,S,C
156,Lee et al.,2020,"Lee, R.M., McGuire, K.J., Strahm, B.D., Knoepp, J.D., Jackson, C.R., Stewart, R.D., 2020. Revisiting the Hewlett and Hibbert (1963) Hillslope Drainage Experiment and Modeling Effects of Decadal Pedogenic Processes and Leaky Soil Boundary Conditions. Water Resources Research 56, e2019WR025090. https://doi.org/10.1029/2019WR025090",1,E+M,HYDRUS 2D,,,SS,H
157,Lee et al.,2014,"Lee, S.H., Im, S., Gevaña, D., 2014. Assessing Rainfall Contribution to Storm Flow on a Small Forested Catchment in Republic of Korea. JESAM 17, 21–27. https://doi.org/10.47125/jesam/2014_1/03",1,M,TOPMODEL,,,S,C
158,Li et al.,2024,"Li, M., Yao, J., Yan, R., Fan, Y., Liu, S., 2024. Effect of slope position on the spatial distribution of soil preferential flow paths based on point pattern analysis. PLoS ONE 19, e0315660. https://doi.org/10.1371/journal.pone.0315660",1,E,,Others,Dye,SS,H
159,Lin,2006,"Lin, H., 2006. Temporal Stability of Soil Moisture Spatial Pattern and Subsurface Preferential Flow Pathways in the Shale Hills Catchment. Vadose Zone Journal 5, 317–340. https://doi.org/10.2136/vzj2005.0058",1,E,,,,S+SS,C
160,Lin et al.,2006,"Lin, H.S., Kogelmann, W., Walker, C., Bruns, M.A., 2006. Soil moisture patterns in a forested catchment: A hydropedological perspective. Geoderma 131, 345–368. https://doi.org/10.1016/j.geoderma.2005.03.013",1,E,,,,S+SS,C
161,Liu et al.,2008,"Liu, F., Bales, R.C., Conklin, M.H., Conrad, M.E., 2008. Streamflow generation from snowmelt in semi?arid, seasonally snow?covered, forested catchments, Valles Caldera, New Mexico. Water Resources Research 44, 2007WR006728. https://doi.org/10.1029/2007WR006728",2,E,,Ions+EC,,S+SS,C
162,Loukas and Dalezios,2000,"Loukas, A., Dalezios, N.R., 2000. Response Time of Forested Mountainous Watersheds in Humid Regions. Hydrology Research 31, 149–168. https://doi.org/10.2166/nh.2000.0010",2,M,,,,S+SS,C
163,Lu et al.,2024,"Lu, S., Liu, M., Yi, J., Li, S., Xu, Y., Zhang, H., Ding, F., 2024. Lateral partition patterns and controlling factors of soil infiltration at a steep, near-stream, and humid hillslope scale. Catena 239, 107917. https://doi.org/10.1016/j.catena.2024.107917",1,E,,,,SS,H
164,Macchioli Grande et al.,2024,"Macchioli Grande, M., Kaffas, K., Verdone, M., Borga, M., Cocozza, C., Dani, A., Errico, A., Fabiani, G., Gourdol, L., Klaus, J., Manca Di Villahermosa, F.S., Massari, C., Murgia, I., Pfister, L., Preti, F., Segura, C., Tailliez, C., Trucchi, P., Zuecco, G., Penna, D., 2024. Seasonal meteorological forcing controls runoff generation at multiple scales in a Mediterranean forested mountain catchment. Journal of Hydrology 639, 131642. https://doi.org/10.1016/j.jhydrol.2024.131642",1,E,,EC,,S+SS,H
165,Maclean et al.,1995,"Maclean, R.A., English, M.C., Schiff, S.L., 1995. Hydrological and hydrochemical response of a small canadian shield catchment to late winter rain?on?snow events. Hydrological Processes 9, 845–863. https://doi.org/10.1002/hyp.3360090803",1,E,,Ions,,S,C
166,Mahmood and Vivoni,2014,"Mahmood, T.H., Vivoni, E.R., 2014. Forest ecohydrological response to bimodal precipitation during contrasting winter to summer transitions. Ecohydrology 7, 998–1013. https://doi.org/10.1002/eco.1424",1,E+M,Triangulated Irregular Network-based Real-time Integrated Basin Simulator distributed hydrologic model,,,SS,H
167,Marc et al.,2001,"Marc, V., Didon-Lescot, J.-F., Michael, C., 2001. Investigation of the hydrological processes using chemical and isotopic tracers in a small Mediterranean forested catchment during autumn recharge. Journal of Hydrology 247, 215–229. https://doi.org/10.1016/S0022-1694(01)00386-9",1,E,,Iso+Ions,,S,C
168,Martinez-Carreras et al.,2015,"Martínez-Carreras, N., Wetzel, C.E., Frentress, J., Ector, L., McDonnell, J.J., Hoffmann, L., Pfister, L., 2015. Hydrological connectivity inferred from diatom transport through the riparian-stream system. Hydrology and Earth System Sciences 19, 3133–3151. https://doi.org/10.5194/hess-19-3133-2015",1,E,,Others,Diatoms,S+SS,C
169,McDonnell et al.,2021,"McDonnell, J.J., Gabrielli, C., Ameli, A., Ekanayake, J., Fenicia, F., Freer, J., Graham, C., McGlynn, B., Morgenstern, U., Pietroniro, A., Sayama, T., Seibert, J., Stewart, M., Vache, K., Weiler, M., Woods, R., 2021. The Maimai M8 experimental catchment database: Forty years of process-based research on steep, wet hillslopes. Hydrological Processes 35, e14112. https://doi.org/10.1002/hyp.14112",1,E+M,TOPMODEL; others,Iso+Ions+EC,Dyes,S+SS,H+C
170,McGlynn et al.,2002,"McGlynn, B.L., McDonnel, J.J., Brammer, D.D., 2002. A review of the evolving perceptual model of hillslope flowpaths at the Maimai catchments, New Zealand. Journal of Hydrology 257 1-4.https://doi.org/10.1016/S0022-1694(01)00559-5",8,E+M,TOPMODEL; others,Iso+Ions+EC,Dyes,S+SS,H+C
171,Meaurio et al.,2015,"Meaurio, M., Zabaleta, A., Uriarte, J.A., Srinivasan, R., Antigüedad, I., 2015. Evaluation of SWAT models performance to simulate streamflow spatial origin. The case of a small forested watershed. Journal of Hydrology 525, 326–334. https://doi.org/10.1016/j.jhydrol.2015.03.050",1,E+M,SWAT,,,S,C
172,Miralha et al.,2023,"Miralha, L., Wissler, A.D., Segura, C., Bladon, K.D., 2023. Characterizing stream temperature hysteresis in forested headwater streams. Hydrological Processes 37, e14795. https://doi.org/10.1002/hyp.14795",10,E,,,,S,C
173,Mirus et al.,2011,"Mirus, B.B., Ebel, B.A., Heppner, C.S., Loague, K., 2011. Assessing the detail needed to capture rainfall?runoff dynamics with physics?based hydrologic response simulation. Water Resources Research 47, 2010WR009906. https://doi.org/10.1029/2010WR009906",2,M,InHM,,,S,C
174,Mirus and Loague,2013,"Mirus, B.B., Loague, K., 2013. How runoff begins (and ends): Characterizing hydrologic response at the catchment scale. Water Resources Research 49, 2987–3006. https://doi.org/10.1002/wrcr.20218",2,M,InHM,,,S,C
175,Miyata et al.,2019,"Miyata, S., Gomi, T., Sidle, R.C., Hiraoka, M., Onda, Y., Yamamoto, K., Nonoda, T., 2019. Assessing spatially distributed infiltration capacity to evaluate storm runoff in forested catchments: Implications for hydrological connectivity. Science of the Total Environment 669, 148–159. https://doi.org/10.1016/j.scitotenv.2019.02.453",5,E+M,Topography-based hydrol model,,,S+SS,C
176,Miyata et al.,2010,"Miyata, S., Kosugi, K., Nishi, Y., Gomi, T., Sidle, R.C., Mizuyama, T., 2010. Spatial pattern of infiltration rate and its effect on hydrological processes in a small headwater catchment. Hydrological Processes 24, 535–549. https://doi.org/10.1002/hyp.7549",1,E,,,,S+SS,H+C
177,Moore and Jones,2011,"Moore, G.W., Jones, J.A., Bond, B.J., 2011. How soil moisture mediates the influence of transpiration on streamflow at hourly to interannual scales in a forested catchment. Hydrological Processes 25, 3701–3710. https://doi.org/10.1002/hyp.8095",1,E,,,,S,C
178,Moore,1997,"Moore, R.D., 1997. Storage-outflow modelling of streamflow recessions, with application to a shallow-soil forested catchment. Journal of Hydrology 198, 260–270. https://doi.org/10.1016/S0022-1694(96)03287-8",1,M,Two linear reservoir model,,,S,C
179,Momiyama et al.,2023,"Momiyama, H., Kumagai, T., Fujime, N., Egusa, T., Shimizu, T., 2023. Forest canopy interception can reduce flood discharge: Inferences from model assumption analysis. Journal of Hydrology 623, 129843. https://doi.org/10.1016/j.jhydrol.2023.129843",1,M,Canopy interception model + TOPMODEL,,,S,C
180,Mulungu et al.,2005,"Mulungu, D.M.M., Ichikawa, Y., Shiiba, M., 2005. A physically based distributed subsurface–surface flow dynamics model for forested mountainous catchments. Hydrological Processes 19, 3999–4022. https://doi.org/10.1002/hyp.5868",1,M,DSFDM,,,S+SS,C
181,Munoz-Villers and McDonnell,2012,"Muñoz?Villers, L.E., McDonnell, J.J., 2012. Runoff generation in a steep, tropical montane cloud forest catchment on permeable volcanic substrate. Water Resources Research 48, 2011WR011316. https://doi.org/10.1029/2011WR011316",1,E,,Iso,,S,C
182,Musolff et al.,2021,"Musolff, A., Zhan, Q., Dupas, R., Minaudo, C., Fleckenstein, J.H., Rode, M., Dehaspe, J., Rinke, K., 2021. Spatial and Temporal Variability in Concentration?Discharge Relationships at the Event Scale. Water Resources Research 57, e2020WR029442. https://doi.org/10.1029/2020WR029442",2,E,,Ions+EC,,S,C
183,Nam et al.,2023,"Nam, S., Lim, H., Choi, B., Li, Q., Moon, H., Choi, H.T., 2023. Responses of Stream Water Temperature to Water Levels in Forested Catchments of South Korea. Forests 14, 2085. https://doi.org/10.3390/f14102085",22,E,,,,S,C
184,Nam et al.,2024,"Nam, S., Lim, H., Choi, B., Li, Q., Moon, H., Choi, H.T., 2024. Characteristics and Estimation of the Time of Concentration for Small Forested Catchments in Steep Mountainous Terrain. Forests 15, 186. https://doi.org/10.3390/f15010186",39,E+M,Statistical model,,,S,C
185,Nanda and Safeeq,2023,"Nanda, A., Safeeq, M., 2023. Threshold controlling runoff generation mechanisms in Mediterranean headwater catchments. Journal of Hydrology 620, 129532. https://doi.org/10.1016/j.jhydrol.2023.129532",3,E,,,,SS,C
186,Nanda and Safeeq,2024,"Nanda, A., Safeeq, M., 2024. Nonlinear storage–discharge dynamics of forested headwater catchment: A hysteresis index approach. Hydrological Processes 38, e15201. https://doi.org/10.1002/hyp.15201",1,E,,,,SS,C
187,Nichols et al.,2001,"Nichols, D.S., Verry, E.S., 2001. Stream flow and groundwater recharge from small forested watersheds in north central Minnesota. Journal of Hydrology, 245, 1–4, 89-103. https://doi.org/10.1016/S0022-1694(01)00337-7",3,E,,,,S+SS,C
188,Niedda and Pirastru,2014,"Niedda, M., Pirastru, M., 2014. Field investigation and modelling of coupled stream discharge and shallow water?table dynamics in a small Mediterranean catchment (Sardinia). Hydrological Processes 28, 5423–5435. https://doi.org/10.1002/hyp.10016",1,E+M,SSFR,,,S,C
189,Nogutchi et al.,1999,"Noguchi, S., Tsuboyama, Y., Sidle, R.C., Hosoda, I., 1999. Morphological Characteristics of Macropores and the Distribution of Preferential Flow Pathways in a Forested Slope Segment. Soil Science Society of American Journal 63, 1413–1423. https://doi.org/10.2136/sssaj1999.6351413x",1,E,,Others,Dye (dilute white paint solution),SS,H
190,Nogutchi et al.,2001,"Noguchi, S., Tsuboyama, Y., Sidle, R.C., Hosoda, I., 2001. Subsurface runoff characteristics from a forest hillslope soil profile including macropores, Hitachi Ohta, Japan. Hydrological Processes 15, 2131–2149. https://doi.org/10.1002/hyp.278",1,E,,,,SS,H
191,O'Brien and Hendershot,1993,"O’Brien, C., Hendershot, W.H., 1993. Separating streamflow into groundwater, solum and upwelling flow and its implications for hydrochemical modelling. Journal of Hydrology 146, 1–12. https://doi.org/10.1016/0022-1694(93)90266-C",1,E,,Ions,,S,C
192,Oda et al.,2013,"Oda, T., Suzuki, M., Egusa, T. and Uchiyama, Y., 2013. Effect of bedrock flow on catchment rainfall-runoff characteristics and the water balance in forested catchments in Tanzawa Mountains, Japan. Hydrological Processes, 27: 3864-3872. https://doi.org/10.1002/hyp.9497",3,E,,Ions,,S,C
193,Olshansky et al.,2018,"Olshansky, Y., White, A.M., Moravec, B.G., McIntosh, J., Chorover, J., 2018. Subsurface Pore Water Contributions to Stream Concentration-Discharge Relations Across a Snowmelt Hydrograph. Frontiers in Earth Science 6, 181. https://doi.org/10.3389/feart.2018.00181",2,E,,Ions,,S,C
194,Onda et al.,2001,"Onda, Y., Komatsu, Y., Tsujimura, M., Fujihara, J., 2001. The role of subsurface runoff through bedrock on storm flow generation. Hydrological Processes 15, 1693–1706. https://doi.org/10.1002/hyp.234",8,E,,,,S+SS,C
195,Oreiller et al.,2014,"Oreiller, M., Nadeau, D.F., Minville, M., Rousseau, A.N., 2014. Modelling snow water equivalent and spring runoff in a boreal watershed, James Bay, Canada. Hydrological Processes 28, 5991–6005. https://doi.org/10.1002/hyp.10091",1,M,HYDROTEL,,,S,C
196,Orfanus et al.,2017,"Orfánus, T., Jen?o, M., Bebej, J., Benko, M., 2017. Simulation of the effects of forest roads on stormflow generation using GIS and 2D vadose zone hydrological model. Ekológia (Bratislava) 36, 25–39. https://doi.org/10.1515/eko-2017-0003",1,M,HYDRUS 2D,,,S,C
197,Orlowski et al.,2014,"Orlowski, N., Lauer, F., Kraft, P., Frede, H.-G., Breuer, L., 2014. Linking Spatial Patterns of Groundwater Table Dynamics and Streamflow Generation Processes in a Small Developed Catchment. Water 6, 3085–3117. https://doi.org/10.3390/w6103085",1,E,,Iso,,S+SS,C
198,Penna et al.,2015,"Penna, D., Van Meerveld, H.J., Oliviero, O., Zuecco, G., Assendelft, R.S., Dalla Fontana, G., Borga, M., 2015. Seasonal changes in runoff generation in a small forested mountain catchment. Hydrological Processes 29, 2027–2042. https://doi.org/10.1002/hyp.10347",1,E,,Iso+Ions+EC,,S,C
199,Pennino et al.,2024,"Pennino, A., Strahm, B.D., McGuire, K.J., Bower, J.A., Bailey, S.W., Schreiber, M.E., Ross, D.S., Duston, S.A., Benton, J.R., 2024. Forest catchment structure mediates shallow subsurface flow and soil base cation fluxes. Geoderma 450, 117045. https://doi.org/10.1016/j.geoderma.2024.117045",1,E,,,,SS,C
200,Peters et al.,1995,"Peters, D.L., Buttle, J.M., Taylor, C.H., LaZerte, B. D., 1995. Runoff Production in a Forested, Shallow Soil, Canadian Shield Basin. Water Resources Research, 31(5), 1291–1304, doi:10.1029/94WR03286.",1,E,,Iso+Ions,DOC,S,H+C
201,Peters et al.,2003,"Peters, N.E., Freer, J., Beven, K., 2003. Modelling hydrologic responses in a small forested catchment (Panola Mountain, Georgia, USA): a comparison of the original and a new dynamic TOPMODEL. Hydrological Processes 17, 345–362. https://doi.org/10.1002/hyp.1128",1,M,TOPMODEL (modified),,,S,C
202,Post and Jones,2001,"Post, D.A., Jones, J.A., 2001. Hydrologic regimes of forested, mountainous, headwater basins in New Hampshire, North Carolina, Oregon, and Puerto Rico. Advances in Water Resources 24, 1195–1210. https://doi.org/10.1016/S0309-1708(01)00036-7",18,E,,,,S,C
203,Qazi,2020,"Qazi, N., 2020. Hydrological functioning of forested catchments, Central Himalayan Region, India. For. Ecosyst. 7, 63. https://doi.org/10.1186/s40663-020-00275-8",2,E,,,,S,C
204,Qu et al.,2013,"Qu, S., Liu, H., Cui, Y., Shi, P., Yu, Z., 2013. Test of newly developed conceptual hydrological model for simulation of rain-on-snow events in forested watershed 6. Water Science and Engineering, 6, 1, 31-43.https://doi.org/10.3882/j.issn.1674-2370.2013.01.003",2,M,XINSNOBAL,,,S,C
205,Rice and Hornberger,1998,"Rice, K.C., Hornberger, G.M., 1998. Comparison of hydrochemical tracers to estimate source contributions to peak flow in a small, forested, headwater catchment. Water Resources Research 34, 1755–1766. https://doi.org/10.1029/98WR00917",1,E,,Iso+Ions,,S,C
206,Rivera-Ramirez et al.,2002,"Rivera-Ramirez, H.D., Warner, G.S., Scatena, F.N., 2002. Prediction of master recession curves and baseflow recessions in the Luquillo Mountains of Puerto Rico. JAWRA Journal of the American Water Resources Association, 38: 693-704. https://doi.org/10.1111/j.1752-1688.2002.tb00990.x",2,E+M,statistical method ,,,S,C
207,Rodhe and Seibert,2011,"Rodhe, A., Seibert, J., 2011. Groundwater dynamics in a till hillslope: flow directions, gradients and delay. Hydrological Processes 25, 1899–1909. https://doi.org/10.1002/hyp.7946",1,E,,,,SS,H
208,Romano et al.,2001,"Romano, M.C., Thiel, M., Schwarz, U., Kurths, J., Lange, H., Hauhs, M., 2001. Conceptual model of runoff from a forested catchment. International Journal of Bifurcation Chaos 11, 2567–2578. https://doi.org/10.1142/S0218127401003619",1,M,Conceptual model with transfer function,,,S,C
209,Rose,1996,"Rose, S., 1996. Temporal environmental isotopic variation within the Falling Creek (Georgia) watershed: implications for contributions to streamflow. Journal of Hydrology 174, 243–261. https://doi.org/10.1016/0022-1694(95)02767-X",1,E,,Iso,,S+SS,C
210,Ross et al.,1994,"Ross, D.S., Bartlett, R.J., Magdoff, F.R., Walsh, G.J., 1994. Flow path studies in forested watersheds of headwater tributaries of Brush Brook, Vermont. Water Resources Research 30, 2611–2618. https://doi.org/10.1029/94WR01490",2,E,,Ions,,S+SS,C
211,Rusjan and Mikoš,2015,"Rusjan, S., Mikoš, M., 2015. A catchment as a simple dynamical system: Characterization by the streamflow component approach. Journal of Hydrology 527, 794–808. https://doi.org/10.1016/j.jhydrol.2015.05.050",1,E+M,subsurface and bypassing flow sensitivity functions,Ions+EC,,S,C
212,Safeeq and Hunsaker,2016,"Safeeq, M., Hunsaker, C.T., 2016. Characterizing Runoff and Water Yield for Headwater Catchments in the Southern Sierra Nevada. Journal of American Water Resources Association 52, 1327–1346. https://doi.org/10.1111/1752-1688.12457",10,E,,,,S,C
213,Saito et al.,2023,"Saito, M., Tsujimura, M., Nurhidayu Abu Bakar, S., 2023. Rainfall-runoff characteristics in a tropical forested catchment, Puchong, Selangor, Malaysia. Hydrological Research Letters 17, 28–35. https://doi.org/10.3178/hrl.17.28",1,E,,Iso+Ions,,S+SS,C
214,Sandström,1996,"Sandström, K., 1996. Hydrochemical deciphering of streamflow generation in semi-arid East Africa. Hydrological Processes, 10: 703-720. https://doi.org/10.1002/(SICI)1099-1085(199605)10:5<703::AID-HYP313>3.0.CO;2-#",1,E,,Ions,,S,C
215,Sanford et al.,2007,"Sanford, S.E., Creed, I.F., Tague, C.L., Beall, F.D., Buttle, J.M., 2007. Scale-dependence of natural variability of flow regimes in a forested landscape, Water Resour. Res., 43, W08414, doi:10.1029/2006WR005299.",1,M,RHESSys,,,S,C
216,Scaife et al.,2020,"Scaife, C.I., Singh, N.K., Emanuel, R.E., Miniat, C.F., Band, L.E., 2020. Non?linear quickflow response as indicators of runoff generation mechanisms. Hydrological Processes 34, 2949–2964. https://doi.org/10.1002/hyp.13780",3,E,,,,S,C
217,Scaini et al.,2018,"Scaini, A., Hissler, C., Fenicia, F., Juilleret, J., Iffly, J.F., Pfister, L., Beven, K., 2018. Hillslope response to sprinkling and natural rainfall using velocity and celerity estimates in a slate-bedrock catchment. Journal of Hydrology 558, 366–379. https://doi.org/10.1016/j.jhydrol.2017.12.011",1,E,,Ions+EC,,S+SS,H
218,Scanlon et al.,2000,"Scanlon, T.M., Raffensperger, J.P., Hornberger, G.M., Clapp, R.B., 2000. Shallow subsurface storm flow in a forested headwater catchment: Observations and modeling using a modified TOPMODEL. Water Resources Research 36, 2575–2586. https://doi.org/10.1029/2000WR900125",1,M,TOPMODEL (modified),,,S+SS,C
219,Scholl et al.,2015,"Scholl, M.A., Shanley, J.B., Murphy, S.F., Willenbring, J.K., Occhi, M., González, G., 2015. Stable-isotope and solute-chemistry approaches to flow characterization in a forested tropical watershed, Luquillo Mountains, Puerto Rico. Applied Geochemistry 63, 484–497. https://doi.org/10.1016/j.apgeochem.2015.03.008",1,E,,Iso+Ions,,S,C
220,Segura et al.,2012,"Segura, C., James, A.L., Lazzati, D., Roulet, N.T., 2012. Scaling relationships for event water contributions and transit times in small?forested catchments in Eastern Quebec. Water Resources Research 48, 2012WR011890. https://doi.org/10.1029/2012WR011890",8,E+M,unit hydrograph and IHS,Iso,,S,C
221,Segura et al.,2023,"Segura, C., Penna, D., Borga, M., Hissler, C., Iffly, J.F., Klaus, J., Latron, J., Llorens, P., Marchina, C., Martínez-Carreras, N., Pfister, L., Zuecco, G., 2023. Comparing hydrological responses across catchments using a new soil water content metric. Hydrological Processes 37, e15010. https://doi.org/10.1002/hyp.15010",3,E,,,,SS,H+C
222,Serrano-Muela et al.,2008,"Serrano-Muela, M.P., Lana-Renault, N., Nadal-Romero, E., Regüés, D., Latron, J., Martí-Bono, C., García-Ruiz, J.M., 2008. Forests and Their Hydrological Effects in Mediterranean Mountains: The Case of the Central Spanish Pyrenees. Mountain Research and Development 28, 279–285. https://doi.org/10.1659/mrd.0876",1,E,,,,S+SS,C
223,Shanley and Chalmers,1999,"Shanley, J.B., Chalmers, A., 1999. The effect of frozen soil on snowmelt runoff at Sleepers River, Vermont. Hydrological Processes, 13: 1843-1857. https://doi.org/10.1002/(SICI)1099-1085(199909)13:12/13<1843::AID-HYP879>3.0.CO;2-G",2,E,,,,S,C
224,Shaw,2016,"Shaw, S.B., 2016. Investigating the linkage between streamflow recession rates and channel network contraction in a mesoscale catchment in New York state. Hydrological Processes 30, 479–492. https://doi.org/10.1002/hyp.10626",1,E+M,three-parallel linear reservoir model,,,S,C
225,Sidle et al.,2001,"Sidle, R.C., Noguchi, S., Tsuboyama, Y., Laursen, K., 2001. A conceptual model of preferential flow systems in forested hillslopes: evidence of self?organization. Hydrological Processes 15, 1675–1692. https://doi.org/10.1002/hyp.233",1,E,,,,SS,H
226,Sidle et al.,2000,"Sidle, R.C., Tsuboyama, Y., Noguchi, S., Hosoda, I., Fujieda, M., Shimizu, T., 2000. Stormflow generation in steep forested headwaters: a linked hydrogeomorphic paradigm. Hydrological Processes 14, 369–385. https://doi.org/10.1002/(SICI)1099-1085(20000228)14:3<369::AID-HYP943>3.0.CO;2-P",3,E,,,,S+SS,H+C
227,Sidle et al.,1995,"Sidle, R.C., Tsuboyama, Y., Noguchi, S., Hosoda, I., Fujieda, M., Shimizu, T., 1995. Seasonal hydrologic response at various spatial scales in a small forested catchment, Hitachi Ohta, Japan. Journal of Hydrology 168, 227–250. https://doi.org/10.1016/0022-1694(94)02639-S",4,E,,,,S+SS,H+C
228,Singh et al.,2021,"Singh, N.K., Emanuel, R.E., McGlynn, B.L., Miniat, C.F., 2021. Soil Moisture Responses to Rainfall: Implications for Runoff Generation. Water Resources Research 57, e2020WR028827. https://doi.org/10.1029/2020WR028827",1,E+M,Multivariate Adaptive Regression Splines,,,SS,H
229,Singh et al.,2018,"Singh, N.K., Emanuel, R.E., Nippgen, F., McGlynn, B.L., Miniat, C.F., 2018. The Relative Influence of Storm and Landscape Characteristics on Shallow Groundwater Responses in Forested Headwater Catchments. Water Resources Research 54, 9883–9900. https://doi.org/10.1029/2018WR022681",4,E,,,,SS,C
230,Singh et al.,2014,"Singh, R., Archfield, S.A., Wagener, T., 2014. Identifying dominant controls on hydrologic parameter transfer from gauged to ungauged catchments – A comparative hydrology approach. Journal of Hydrology 517, 985–996. https://doi.org/10.1016/j.jhydrol.2014.06.030",83,M,Lumped conceptual model,,,S,C
231,Šípek and Tesa?,2016,"Šípek, V., Tesa?, M., 2016. Validation of a mesoscale hydrological model in a small-scale forested catchment. Hydrology Research 47, 27–41. https://doi.org/10.2166/nh.2015.220",1,M,model with 8 adjustable parameters,,,S+SS,C
232,Smith et al.,2010,"Smith, J.A., Baeck, M.L., Villarini, G., Krajewski, W.F., 2010. The Hydrology and Hydrometeorology of Flooding in the Delaware River Basin. Journal of Hydrometeorology 11, 841–859. https://doi.org/10.1175/2010JHM1236.1",18,E,,,,S,C
233,Sørbotten et al.,2017,"Sørbotten, L.-E., Stolte, J., Wang, Y., Mulder, J., 2017. Hydrological Responses and Flow Pathways in an Acrisol on a Forested Hillslope with a Monsoonal Subtropical Climate. Pedosphere 27, 1037–1048. https://doi.org/10.1016/S1002-0160(17)60447-8",1,E,,Others,Dye (brilliant blue),SS,H
234,Sthapit et al.,2022,"Sthapit, E., Lakhankar, T., Hughes, M., Khanbilvardi, R., Cifelli, R., Mahoney, K., Currier, W.R., Viterbo, F., Rafieeinasab, A., 2022. Evaluation of Snow and Streamflows Using Noah-MP and WRF-Hydro Models in Aroostook River Basin, Maine. Water 14, 2145. https://doi.org/10.3390/w14142145",4,M,Noah-MP and WRF-Hydro,,,S,C
235,Su et al.,2003,"Su, B., Kazama, S., Lu, M., Sawamoto, M., 2003. Development of a distributed hydrological model and its application to soil erosion simulation in a forested catchment during storm period. Hydrological Processes 17, 2811–2823. https://doi.org/10.1002/hyp.1435",1,M,DXAJ R-R model,,,S,C
236,Subehi et al.,2010,"Subehi, L., Fukushima, T., Onda, Y., Mizugaki, S., Gomi, T., Kosugi, K., Hiramatsu, S., Kitahara, H., Kuraji, K., Terajima, T., 2010. Analysis of stream water temperature changes during rainfall events in forested watersheds. Limnology 11, 115–124. https://doi.org/10.1007/s10201-009-0296-2",16,E,,Temp,,S,C
237,Szilàgyi et al.,2008,"Szilágyi, J., Gribovszki, Z., Kalicz, P., Kucsara, M., 2008. On diurnal riparian zone groundwater-level and streamflow fluctuations. Journal of Hydrology 349, 1–5. https://doi.org/10.1016/j.jhydrol.2007.09.014",1,M,"adaptive, finite element 2D",,,SS,C
238,Tague and Band,2001,"Tague, C.L., Band, L.E., 2001. Evaluating explicit and implicit routing for watershed hydro-ecological models of forest hydrology at the small catchment scale. Hydrological Processes, 15: 1415-1439. https://doi.org/10.1002/hyp.171",1,M,TOPMODEL + RHESSys,,,S,C
239,Tanaka,1996,"Tanaka, T., 1996. Recent Progress in Japanese Studies on Storm Runoff Processes. Geographical review of Japan series B, 69, 144–159. https://doi.org/10.4157/grj1984b.69.144",1,E,,,,S+SS,H+C
240,Tang et al.,2014,"Tang, G., Hwang, T., Pradhanang, S.M., 2014. Does consideration of water routing affect simulated water and carbon dynamics in terrestrial ecosystems? Hydrology and Earth System Sciences 18, 1423–1437. https://doi.org/10.5194/hess-18-1423-2014",1,M,RHESSys,,,S,C
241,Tang et al.,2020,"Tang, Q., Duncan, J.M., Guo, L., Lin, H., Xiao, D., Eissenstat, D.M., 2020. On the controls of preferential flow in soils of different hillslope position and lithological origin. Hydrological Processes 34, 4295–4306. https://doi.org/10.1002/hyp.13883",1,E,,,,SS,H
242,Tani,1997,"Tani, M., 1997. Runoff generation processes estimated from hydrological observations on a steep forested hillslope with a thin soil layer. Journal of Hydrology 200, 84–109. https://doi.org/10.1016/S0022-1694(97)00018-8",2,E+M,Kinematic wave runoff model,,,S+SS,H+C
243,Tedela et al.,2012,"Tedela, N.H., McCutcheon, S.C., Campbell, J.L., Swank, W.T., Adams, M.B., Rasmussen, T.C., 2012. Curve Numbers for Nine Mountainous Eastern United States Watersheds: Seasonal Variation and Forest Cutting. Journal of Hydrology Eng. 17, 1199–1203. https://doi.org/10.1061/(ASCE)HE.1943-5584.0000437",9,M,SCS-CN,,,S,C
244,Tesemma et al.,2015,"Tesemma, Z.K., Wei, Y., Peel, M.C., Western, A.W., 2015. The effect of year-to-year variability of leaf area index on Variable Infiltration Capacity model performance and simulation of runoff. Advances in Water Resources 83, 310–322. https://doi.org/10.1016/j.advwatres.2015.07.002",14,M,Variable Infiltration Capacity,,,S,C
245,Tiefan et al.,2005,"Tiefan, P., Jianmei, L., Jinzhong, L., Anzhi, W., 2005. A modified subsurface stormflow model of hillsides in forest catchment. Hydrological Processes 19, 2609–2624. https://doi.org/10.1002/hyp.5734",1,M,SS flow model,,,SS,H
246,Tudose et al.,2021,"Tudose, N.C., Marin, M., Cheval, S., Ungurean, C., Davidescu, S.O., Tudose, O.N., Mihalache, A.L., Davidescu, A.A., 2021. SWAT Model Adaptability to a Small Mountainous Forested Watershed in Central Romania. Forests 12, 860. https://doi.org/10.3390/f12070860",1,M,SWAT,,,S,C
247,Tuset et al.,2020,"Tuset, J., Vericat, D., Batalla, R.J., 2020. Water and sediment budgets unveiling contrasting hydro-sedimentary patterns in a mountainous Mediterranean catchment. Science of the Total Environment 745, 140884. https://doi.org/10.1016/j.scitotenv.2020.140884",5,E,,,,S,C
248,Uchida et al.,1999,"Uchida, T., Kosugi, K., Mizuyama, T., 1999. Runoff characteristics of pipeflow and effects of pipeflow on rainfall-runoff phenomena in a mountainous watershed. Journal of Hydrology 222, 18–36. https://doi.org/10.1016/S0022-1694(99)00090-6",1,E,,,,S+SS,C
249,Uchida et al.,2005,"Uchida, T., Tromp-van Meerveld, I., McDonnell, J.J., 2005. The role of lateral pipe flow in hillslope runoff response: an intercomparison of non-linear hillslope response. Journal of Hydrology 311, 117–133. https://doi.org/10.1016/j.jhydrol.2005.01.012",4,E,,,,SS,H
250,Vichta et al.,2024,"Vichta, T., Deutscher, J., Hemr, O., Tomášová, G., Žižlavská, N., Brychtová, M., Bajer, A., Shukla, M.K., 2024. Combined effects of rainfall-runoff events and antecedent soil moisture on runoff generation processes in an upland forested headwater area. Hydrological Processes 38, e15216. https://doi.org/10.1002/hyp.15216",1,E,,,,S+SS,C
251,Voltz et al.,2013,"Voltz, T., Gooseff, M., Ward, A.S., Singha, K., Fitzgerald, M., Wagener, T., 2013. Riparian hydraulic gradient and stream?groundwater exchange dynamics in steep headwater valleys. Journal of Geophysical Research: Earth Surface 118, 953–969. https://doi.org/10.1002/jgrf.20074",2,E,,,,SS,C
252,Votrubova et al.,2017,"Votrubova, J., Dohnal, M., Vogel, T., Sanda, M., Tesar, M., 2017. Episodic runoff generation at Central European headwater catchments studied using water isotope concentration signals. Journal of Hydrology and Hydromechanics 65, 114–122. https://doi.org/10.1515/johh-2017-0002",2,E,,Iso,,S,C
253,Vystavna et al.,2021,"Vystavna, Y., Paule-Mercado, M., Juras, R., Schmidt, S.I., Kopá?ek, J., Hejzlar, J., Huneau, F., 2021. Effect of snowmelt on the dynamics, isotopic and chemical composition of runoff in mature and regenerated forested catchments. Journal of Hydrology 598, 126437. https://doi.org/10.1016/j.jhydrol.2021.126437",2,E,,Iso+Ions,,S,C
254,Walega et al.,2020,"Walega, A., Amatya, D.M., Caldwell, P., Marion, D., Panda, S., 2020. Assessment of storm direct runoff and peak flow rates using improved SCS-CN models for selected forested watersheds in the Southeastern United States. Journal of Hydrology: Regional Studies 27, 100645. https://doi.org/10.1016/j.ejrh.2019.100645",3,M,SCS-CN (improved),,,S,C
255,Wei et al.,2020,"Wei, L., Qiu, Z., Zhou, G., Kinouchi, T., Liu, Y., 2020. Stormflow threshold behaviour in a subtropical mountainous headwater catchment during forest recovery period. Hydrological Processes 34, 1728–1740. https://doi.org/10.1002/hyp.13658",1,E,,,,S,C
256,Wemple et al.,2007,"Wemple, B., Shanley, J., Denner, J., Ross, D., Mills, K., 2007. Hydrology and water quality in two mountain basins of the northeastern US: assessing baseline conditions and effects of ski area development. Hydrological Processes 21, 1639–1650. https://doi.org/10.1002/hyp.6700",2,E,,,,S,C
257,Wemple and Jones,2003,"Wemple, B.C., Jones, J.A., 2003. Runoff production on forest roads in a steep, mountain catchment. Water Resources Research 39, 2002WR001744. https://doi.org/10.1029/2002WR001744",1,E,,,,S,C
258,Whitaker et al.,2008,"Whitaker, A.C., Sugiyama, H., Hayakawa, K., 2008. Effect of Snow Cover Conditions on the Hydrologic Regime: Case Study in a Pluvial?Nival Watershed, Japan. Journal of the American Water Resources Association 44, 814–828. https://doi.org/10.1111/j.1752-1688.2008.00206.x",1,E,,,,S,C
259,Wiekenkamp et al.,2016,"Wiekenkamp, I., Huisman, J.A., Bogena, H.R., Lin, H.S., Vereecken, H., 2016. Spatial and temporal occurrence of preferential flow in a forested headwater catchment. Journal of Hydrology 534, 139–149. https://doi.org/10.1016/j.jhydrol.2015.12.050",1,E,,,,SS,C
260,Wienhoefer et al.,2009,"Wienhofer, J., Germer, K., Lindenmaier, F., Farber, A., Zehe, E., 2009. Applied tracers for the observation of subsurface storm?ow at the hillslope scale. Hydrology and Earth System Sciences",1,E,,,,SS,H
261,Williamson et al.,2015,"Williamson, T.N., Agouridis, C.T., Barton, C.D., Villines, J.A., Lant, J.G., 2015. Classification of Ephemeral, Intermittent, and Perennial Stream Reaches Using a TOPMODEL ?Based Approach. Journal of American Water Resources Association 51, 1739–1759. https://doi.org/10.1111/1752-1688.12352",2,M,TOPMODEL,,,S,C
262,Woelber et al.,2018,"Woelber, B., Maneta, M.P., Harper, J., Jencso, K.G., Gardner, W.P., Wilcox, A.C., López-Moreno, I., 2018. The influence of diurnal snowmelt and transpiration on hillslope throughflow and stream response. Hydrology and Earth System Sciences 22, 4295–4310. https://doi.org/10.5194/hess-22-4295-2018",1,E,,,,S+SS,H+C
263,Woolridge et al.,2020,"Woolridge, D.D., Niemann, J.D., Perry, M.A., Bauer, K.E., McCormick, W.T., 2020. Identifying Runoff Production Mechanisms for Dam Safety Applications in the Colorado Front Range. Journal of Hydrology Eng. 25, 05020016. https://doi.org/10.1061/(ASCE)HE.1943-5584.0001958",5,M,HEC-HMS + SMA + MuskCunge,,,S,C
264,Yang et al.,2018,"Yang, Q., Zhang, X., Almendinger, J.E., Huang, M., Leng, G., Zhou, Y., Zhao, K., Asrar, G.R., Li, X., Qiu, J., 2019. Improving the SWAT forest module for enhancing water resource projections: A case study in the St. Croix River basin. Hydrological Processes 33, 864–875. https://doi.org/10.1002/hyp.13370",1,M,SWAT (improved),,,S,C
265,Zabaleta et al.,2013,"Zabaleta, A., Antigüedad, I., 2013. Streamflow response of a small forested catchment on different timescales. Hydrology and Earth System Sciences 17, 211–223. https://doi.org/10.5194/hess-17-211-2013",1,E,,,,S,C
266,Zehe et al.,2010,"Zehe, E., Graeff, T., Morgner, M., Bauer, A., Bronstert, A., 2010. Plot and field scale soil moisture dynamics and subsurface wetness control on runoff generation in a headwater in the Ore Mountains. Hydrology and Earth System Sciences 14, 873–889. https://doi.org/10.5194/hess-14-873-2010",1,M,CATFLOW,,,SS,H
267,Zema et al.,2018,"Zema, D.A., Lucas-Borja, M.E., Carrà, B.G., Denisi, P., Rodrigues, V.A., Ranzini, M., Arcova, F.C.S., De Cicco, V., Zimbone, S.M., 2018. Simulating the hydrological response of a small tropical forest watershed (Mata Atlantica, Brazil) by the AnnAGNPS model. Science of the Total Environment 636, 737–750. https://doi.org/10.1016/j.scitotenv.2018.04.339",1,M,ANNAGNPS ,,,S,C
